versao,tamanho,f_serial_amdahl,S_max_teorico (1/f),S_previsto_12,S_medido_12
omp,1000000,0.26378247884347517,3.791002360673796,3.0756555383318314,3.0296210387751605
omp,5000000,0.23922022554034075,4.180248546046813,3.30449019990684,3.295524148461979
omp,10000000,0.23639425940238404,4.230221167502323,3.3330214611947544,3.4409283177000543
omp,20000000,0.22734589060702823,4.3985840136803676,3.42778323755425,3.4725775755666617
omp,40000000,0.23672843505768731,4.224249612245839,3.329621928044063,3.577734589849116
pthreads,1000000,0.12208448559978001,8.19104896979475,5.121793383584298,4.860854336943634
pthreads,5000000,0.11167577386471414,8.954493578987117,5.3849486343767055,4.844564076121108
pthreads,10000000,0.10366366522924879,9.646581546084954,5.6066898190693415,4.835867020184329
pthreads,20000000,0.09912515689491351,10.088256415675987,5.740592043357478,5.214548770418602
pthreads,40000000,0.09664261369240841,10.347402266900334,5.816577851035805,5.124159958930324
