versao,tamanho,threads,n_exec,tempo_mediana,tempo_media,tempo_dp,tempo_min,tempo_max,tempo_q1,tempo_q3,cpu_mediana,mem_mib_mediana,tempo_cv_%,tempo_iiq,tempo_seq,E_A,P_A,E_A_rel,EDP_A_rel,E_B,P_B,E_B_rel,EDP_B_rel
omp,1000000,1,10,0.0676530965,0.0677516933,0.0012051221641801448,0.066160818,0.069926049,0.06672240475,0.06860992375,81.0,9.75,1.7787336455842424,0.0018875189999999903,0.068923456,1.8266336054999999,27.0,0.9815685461274606,0.9634768107467769,1.736654987155,25.67,0.980232039645669,0.9621649380225546
omp,1000000,2,10,0.039514665500000004,0.0400882878,0.0013696481763058569,0.038414637,0.042282853,0.0391956475,0.041327988,135.0,9.625,3.416579383831546,0.002132340500000003,0.068923456,1.3434986270000002,34.0,0.7219488298353383,0.4139021484798995,1.1637068989750001,29.45,0.6568390357146918,0.3765739022664302
omp,1000000,4,10,0.0305961195,0.0304249487,0.0040039198412486305,0.025614608,0.035532782,0.026893662,0.033865138749999996,209.0,9.4375,13.15998879974654,0.006971476749999997,0.068923456,1.468613736,48.0,0.7891812815267613,0.3503289910006245,1.0595436182850002,34.63,0.5980454435261762,0.2654810266124408
omp,1000000,6,10,0.0268186645,0.026749507999999998,0.0010287342193647496,0.024742646,0.028138107,0.026288146999999998,0.02754614775,264.0,9.375,3.8458061335735585,0.0012580007500000018,0.068923456,1.6627571989999999,62.0,0.8935071387447978,0.34767072884957606,1.03198220996,38.480000000000004,0.5824887695191066,0.22665100955980422
omp,1000000,8,10,0.0247516905,0.0251552989,0.0017771008532731333,0.022380054,0.028914572,0.0243273325,0.025971441499999998,326.0,9.125,7.064518932323771,0.0016441089999999978,0.068923456,1.881128478,76.0,1.0108521707198073,0.36301574997791514,1.05986738721,42.82,0.5982281906325811,0.2148348310176531
omp,1000000,10,10,0.023461121,0.0234637754,0.0005452493129563553,0.022688968,0.024492922,0.0230651295,0.023719546,389.0,9.25,2.3237919033113283,0.0006544165000000012,0.068923456,1.8815819042,80.19999999999999,1.0110958259851925,0.34417080762800917,1.1080687448300002,47.230000000000004,0.6254348122373399,0.212894167807147
omp,1000000,12,10,0.0227498605,0.0231601195,0.0014868522290958802,0.02176901,0.026955658,0.022466272500000002,0.022875351250000002,458.5,9.125,6.419881508365621,0.0004090787499999998,0.068923456,1.9200882261999999,84.39999999999999,1.031787766825682,0.3405666100215694,1.1851539827475,52.095,0.6689445597400535,0.2208013976594577
omp,5000000,1,10,0.372493142,0.3743789653,0.0035884195148453077,0.370874245,0.381064975,0.3721118575,0.37669529425,85.0,40.375,0.9584992340501317,0.004583436750000003,0.376590769,10.057314834,27.0,0.9891191517761285,0.9783566964103282,9.6661970349,25.95,0.9891191517761286,0.9783566964103282
omp,5000000,2,10,0.21575526849999999,0.21570370290000002,0.004211368817937467,0.210923534,0.223258095,0.2121349205,0.21827182574999998,137.0,40.25,1.9523859633925027,0.006136905249999991,0.376590769,7.335679129,34.0,0.7214510868496423,0.41333162086312686,6.384198394915,29.59,0.6532799691905075,0.37427522595055873
omp,5000000,4,10,0.143770734,0.1508700349,0.01511366044952915,0.136763864,0.176027124,0.14166565425,0.16304009675,198.0,40.125,10.017668823068025,0.021374442500000007,0.376590769,6.9009952320000005,48.0,0.67870069327164,0.25910697996416515,4.86807705324,33.86,0.4981388469836213,0.19017403919624204
omp,5000000,6,10,0.1470965375,0.1470716018,0.003979076678572578,0.139376373,0.153125055,0.14475272725000002,0.14970941975000002,221.0,40.0,2.705537051254567,0.004956692499999998,0.376590769,9.119985325,62.0,0.8969344499765454,0.35034303232222025,5.217514185125,35.47,0.5338959247921176,0.20854000784676932
omp,5000000,8,10,0.12744550500000001,0.12741725480000002,0.0030131523958844037,0.121527244,0.133104483,0.126891649,0.12768896425,260.0,39.875,2.3647914881026013,0.0007973152500000136,0.376590769,9.68585838,76.0,0.9525870655516667,0.3223736469910665,4.868418291000001,38.2,0.49817376503903726,0.1685915117668523
omp,5000000,10,10,0.11865308199999999,0.11860616090000001,0.0027103454066102727,0.112603618,0.122650444,0.118017088,0.11944669749999999,296.0,39.875,2.2851640977532663,0.0014296094999999842,0.376590769,9.515977176399998,80.19999999999999,0.9358795492035171,0.2948691312552272,4.83155349904,40.72,0.49440147779698884,0.1557718986095681
omp,5000000,12,10,0.114273406,0.1140182764,0.003234023411199815,0.109888587,0.121963698,0.112188119,0.11452066500000001,333.5,39.8125,2.8364079104776008,0.0023325460000000048,0.376590769,9.644675466399999,84.39999999999999,0.9485367987319392,0.2878257770238526,4.95318078307,43.345,0.5068473110009084,0.15379869427977155
omp,10000000,1,10,0.782921421,0.7869558543,0.008714899604975098,0.777855705,0.802902101,0.780730786,0.79374999625,86.0,78.5,1.1074191210798008,0.013019210249999968,0.794359426,21.138878367,27.0,0.9856009702590223,0.971409272575526,20.37161537442,26.02,0.9856009702590224,0.9714092725755262
omp,10000000,2,10,0.450921001,0.450606897,0.006485124421045059,0.441971618,0.460900647,0.445385894,0.45300806125,136.0,78.25,1.4391977717653661,0.007622167249999978,0.794359426,15.331314034,34.0,0.7148230726775611,0.40577190239026834,13.311187949519999,29.52,0.6440097909378796,0.3655744869118094
omp,10000000,4,10,0.35194250650000003,0.33985310879999997,0.034767926900378034,0.282257249,0.390658786,0.312059171,0.3560143005,172.5,78.25,10.230280671299846,0.04395512949999997,0.794359426,16.893240312000003,48.0,0.7876479420175109,0.3489689703174863,11.288555895987502,32.075,0.5461526461902022,0.24197400438701092
omp,10000000,6,10,0.298207571,0.2944563627,0.012316579802722756,0.268135442,0.308741883,0.29186285424999997,0.30054058875,204.5,78.1875,4.1828200585603295,0.008677734500000034,0.794359426,18.488869402,62.0,0.8620442061888679,0.323616867136169,10.232992798865,34.315,0.4950833522941517,0.185857433169272
omp,10000000,8,10,0.256163377,0.25636030989999997,0.004861952513371547,0.248915421,0.264945686,0.2536358985,0.25968038625,241.5,78.125,1.8965309081066715,0.006044487749999994,0.794359426,19.468416652000002,76.0,0.9077156322339563,0.29271825082961916,9.453709428185002,36.905,0.4573807728898026,0.14749520119412785
omp,10000000,10,10,0.241678927,0.24182358119999997,0.00872479447348857,0.223071564,0.254966288,0.24048496775,0.24506059624999998,266.0,78.0,3.6079171560496976,0.004575628499999984,0.794359426,19.382649945399997,80.19999999999999,0.9037167564292282,0.2749502163089284,9.33364016074,38.620000000000005,0.45157169077642834,0.13738788528006085
omp,10000000,12,10,0.23085613900000002,0.2310291576,0.007025991106262327,0.222026361,0.243619707,0.22522560575,0.23572545174999998,293.5,77.8125,3.0411707246178032,0.01049984599999998,0.794359426,19.4842581316,84.39999999999999,0.9084542417946448,0.26401428856322795,9.360062155755001,40.545,0.4528500157125875,0.13160693100845422
omp,20000000,1,10,1.6334585265,1.6378453693000001,0.01546826684990903,1.624042435,1.671427882,1.6263703335,1.64282946725,87.0,154.75,0.94442779152711,0.016459133749999966,1.6591894745,44.103380215499996,27.0,0.9844918567797966,0.9692242160657315,42.616932956385,26.09,0.9844918567797967,0.9692242160657315
omp,20000000,2,10,0.9424205889999999,0.9466173901999999,0.011406456281853716,0.935712007,0.966348026,0.9382761202500001,0.950774056,138.0,154.625,1.204970075549085,0.012497935749999911,1.6591894745,32.042300026,34.0,0.7152599935413916,0.4062680934041897,27.95219466974,29.66,0.645722395359747,0.366770697089197
omp,20000000,4,10,0.632425974,0.6618035747000001,0.06787606320593521,0.596024574,0.747031175,0.60429525525,0.7336949884999999,185.5,154.4375,10.256224928477288,0.12939973324999987,1.6591894745,30.356446752,48.0,0.677627757375619,0.2582883998808248,20.86057075239,32.985,0.48189910931705904,0.18368336965940263
omp,20000000,6,10,0.6108923695,0.6044821607,0.03354967685035105,0.557736445,0.667801749,0.5817741285,0.621052562,205.0,154.5,5.550151688761168,0.03927843350000004,1.6591894745,37.875326909,62.0,0.8454669626814334,0.31129013539702816,20.984152892325003,34.35,0.48475397478881754,0.17848022111671372
omp,20000000,8,10,0.550511097,0.5440799075,0.01779826318747903,0.516481518,0.574543915,0.532149193,0.5533523795,230.0,154.375,3.271259045249531,0.021203186500000082,1.6591894745,41.838843372,76.0,0.9339420333669406,0.3098774800739282,19.8734506017,36.1,0.4590956909900733,0.15232574480445107
omp,20000000,10,10,0.5007798105,0.4999229701,0.012763128917439933,0.472339524,0.523773183,0.49687540275,0.5045322642500001,254.5,154.375,2.5530191011000984,0.007656861500000112,1.6591894745,40.16254080209999,80.19999999999999,0.8965229915270226,0.27059032178412934,18.936988534057498,37.815,0.4374625227674623,0.13203579375306704
omp,20000000,12,10,0.47779767,0.4766944931,0.008857643209401996,0.461486935,0.492549032,0.470698128,0.48187095725,278.5,154.25,1.8581383543576742,0.011172829250000016,1.6591894745,40.326123347999996,84.39999999999999,0.900174541216932,0.25922373845601987,18.870618976650004,39.495000000000005,0.4359293225985851,0.1255347974558781
omp,40000000,1,10,3.4464200135,3.4395531245,0.02345924227670926,3.381979347,3.467276717,3.4320946515,3.4473967654999997,87.0,307.25,0.6820433186395246,0.015302113999999811,3.476680827,93.0533403645,27.0,0.9912960622485121,0.9826678830294059,89.917098152215,26.09,0.991296062248512,0.9826678830294056
omp,40000000,2,10,1.9400204525,1.9446662196999998,0.018792168240804142,1.920591111,1.979496408,1.9330884615,1.9558550495,139.0,307.125,0.9663441494707085,0.022766588000000088,3.476680827,65.960695385,34.0,0.7026784567023365,0.39210115779019383,57.676808052825,29.73,0.6358611863679261,0.35481649535518056
omp,40000000,4,10,1.523066818,1.4440711747,0.1351131207792891,1.273153171,1.582755937,1.2987034805,1.5488449745000001,173.0,307.0,9.356403143173212,0.2501414940000002,3.476680827,73.107207264,48.0,0.7788101576892641,0.34118170971748674,48.90567552598,32.11,0.5391633467579063,0.23619706374869798
omp,40000000,6,10,1.2672038749999999,1.2621771924,0.041707974411678644,1.188735526,1.335443085,1.23587836325,1.28158930225,202.0,307.125,3.30444684492927,0.04571093900000012,3.476680827,78.56664024999999,62.0,0.836969428489564,0.30506421377590287,43.2623402925,34.14,0.47694808281081014,0.17384122638407482
omp,40000000,8,10,1.1533856194999998,1.1543086767,0.04019894830945195,1.109343426,1.232823549,1.1245988865,1.1660020715000001,231.5,306.8125,3.4825128772638942,0.041403185000000065,3.476680827,87.65730708199999,76.0,0.9338121876906369,0.3097913217203747,41.75832635399749,36.205,0.4603669972837781,0.15272632167896874
omp,40000000,10,10,1.0184036925,1.0174874853,0.021614800425551816,0.973846159,1.048904011,1.0135123945,1.02762914325,253.5,306.75,2.1243308382489663,0.014116748750000019,3.476680827,81.67597613849999,80.19999999999999,0.8700931445260268,0.25487127386636055,38.439647373412505,37.745000000000005,0.42378003581676416,0.12413539659203661
omp,40000000,12,10,0.9717548185,0.9840610763000001,0.025933001768132794,0.957449217,1.02920065,0.96322996925,1.0068610025,276.5,306.625,2.6353040875917015,0.04363103324999995,3.476680827,82.01610668139999,84.39999999999999,0.873716550913229,0.24420943727692118,38.2434108820675,39.355000000000004,0.42161661567602005,0.1178445759705727
pthreads,1000000,1,10,0.0678029885,0.06900383800000001,0.002645397313438608,0.066900121,0.074681949,0.0672732955,0.06913958075,81.0,9.375,3.8336959075212707,0.0018662852500000021,0.068923456,1.8306806894999998,27.0,0.9837433064877072,0.9677508930593671,1.740502714795,25.67,0.9824038388461175,0.9664332007326961
pthreads,1000000,2,10,0.036887473000000004,0.0371880865,0.0011142515330522928,0.036235192,0.040002373,0.0364523915,0.03744681525,124.5,9.375,2.996259388211041,0.0009944237500000008,0.068923456,1.254174082,34.0,0.6739489663130928,0.3606939602426803,1.059223787195,28.715,0.5978649190788843,0.31997417628288305
pthreads,1000000,4,10,0.0233458895,0.0234066839,0.0009035457728193162,0.022288973,0.024983882,0.02267851425,0.02376764,174.0,9.0,3.8602041052868503,0.0010891257499999994,0.068923456,1.1206026960000002,48.0,0.6021724092819078,0.20396903090646237,0.7512707241100001,32.18,0.42404486767220906,0.14363331728051357
pthreads,1000000,6,10,0.0187615065,0.0188533203,0.00044069539083792177,0.018251761,0.019472045,0.018547478,0.0192424205,202.0,9.375,2.337494848787573,0.0006949425000000002,0.068923456,1.163213403,62.0,0.625069902021293,0.17014894072820222,0.64051783191,34.14,0.36153185603728877,0.09841181305535024
pthreads,1000000,8,10,0.015908414500000002,0.016018607100000002,0.00040966200126376604,0.015356988,0.01655295,0.015835601,0.016419838250000002,226.0,8.75,2.5574133799921093,0.0005842372500000012,0.068923456,1.2090395020000002,76.0,0.649695233141165,0.14995796304067796,0.56983940739,35.82,0.32163834999342045,0.07423824177927767
pthreads,1000000,10,10,0.0151153705,0.0151954623,0.0004079723207713568,0.014647904,0.016076473,0.01497845275,0.01539832875,242.5,9.25,2.684829936180071,0.0004198760000000013,0.068923456,1.2122527140999997,80.19999999999999,0.6514219001201907,0.14286113818974314,0.5588908242375,36.975,0.3154585664012938,0.06918215343923566
pthreads,1000000,12,10,0.0141792885,0.014200769399999999,0.0002720178407867145,0.013920721,0.014816623,0.01399914975,0.014276348500000001,251.0,8.75,1.915514808561813,0.0002771987500000007,0.068923456,1.1967319494,84.39999999999999,0.6430815879768614,0.13229805778981904,0.532715868945,37.57,0.30068445755193984,0.06185835589983994
pthreads,5000000,1,10,0.376834523,0.3790500149,0.007761488304317903,0.371607071,0.398758266,0.37466027324999995,0.38038584350000004,85.5,39.875,2.0476158816048375,0.005725570250000089,0.376590769,10.174532120999999,27.0,1.0006472649360132,1.0012949488239238,9.792045080154999,25.985,1.001996885524559,1.0026454429745535
pthreads,5000000,2,10,0.200683915,0.2020532716,0.004578941205130516,0.197243173,0.211686567,0.19854607125,0.20496842675,138.5,39.875,2.266204931437753,0.006422355499999977,0.376590769,6.82325311,34.0,0.6710548928727144,0.35760282557961987,5.959308855924999,29.695,0.6098020244634386,0.32496138439402006
pthreads,5000000,4,10,0.12282218049999999,0.12273292630000002,0.004406694378122903,0.116668748,0.130630357,0.119430566,0.1251114275,199.0,39.75,3.5904744643271025,0.005680861500000009,0.376590769,5.8954646639999995,48.0,0.5798085377687818,0.18910009151413476,4.167356584365,33.93,0.4264357735511872,0.13907874505219492
pthreads,5000000,6,10,0.09812006000000001,0.099476074,0.004888142568861807,0.093196224,0.110504197,0.09667329825,0.10139714975,234.5,39.5,4.913887704154677,0.004723851500000001,0.376590769,6.083443720000001,62.0,0.5982959459379908,0.15588495243544437,3.5730419849,36.415,0.3656209618534168,0.0952618961149177
pthreads,5000000,8,10,0.08434886,0.0851943211,0.0024497442604152005,0.082882377,0.091392961,0.08391297475000001,0.08586940700000001,270.0,39.8125,2.875478352060253,0.001956432250000001,0.376590769,6.4105133599999995,76.0,0.6304626673967697,0.14121112795379404,3.281170654,38.9,0.3357544567319883,0.07520233631977988
pthreads,5000000,10,10,0.0790580525,0.0791863121,0.0013940118288891163,0.077803137,0.082661678,0.078333898,0.07937939,290.0,39.625,1.760420193743454,0.001045491999999995,0.376590769,6.340455810499999,80.19999999999999,0.6235726311315537,0.1309071859102354,3.18603951575,40.3,0.32601991165354616,0.06844166509973965
pthreads,5000000,12,10,0.077734707,0.0777397722,0.002299787973972131,0.074146786,0.082009013,0.07678635175,0.07874338524999999,319.5,38.875,2.9583158129863043,0.0019570334999999967,0.376590769,6.560809270799999,84.39999999999999,0.6452440047874767,0.13318928073794897,3.2932308620549997,42.364999999999995,0.3369885493868902,0.06956013876416854
pthreads,10000000,1,10,0.7865909799999999,0.7897904701,0.012122670734571602,0.778400048,0.821554056,0.783818449,0.7916504639999999,86.0,78.0,1.5349223868245305,0.00783201499999997,0.794359426,21.23795646,27.0,0.9902204899372592,0.9805366186915855,20.4670972996,26.02,0.9902204899372593,0.9805366186915857
pthreads,10000000,2,10,0.42347429000000003,0.42292516989999995,0.006518830569607754,0.413833319,0.437522372,0.41820329175,0.425091171,140.0,78.0,1.5413673702960555,0.006887879250000006,0.794359426,14.39812586,34.0,0.6713131402317378,0.3578781167850152,12.619533842000001,29.8,0.6105468108586792,0.32548348867977495
pthreads,10000000,4,10,0.25108204749999996,0.2512968794,0.00364904075666466,0.246593228,0.256734366,0.24837400525,0.2544664895,204.5,77.9375,1.452083593468077,0.006092484250000002,0.794359426,12.051938279999998,48.0,0.5619220592523622,0.17761297537935855,8.615880459962499,34.315,0.41684569362318236,0.13175706968506007
pthreads,10000000,6,10,0.203544607,0.2041371168,0.007383414533859474,0.194664537,0.222691684,0.200486315,0.20549725625,245.5,77.5,3.6168897893729213,0.005010941250000012,0.794359426,12.619765634,62.0,0.5883970302193974,0.15076933483253507,7.568806211295,37.185,0.36618709947380673,0.09383083628300258
pthreads,10000000,8,10,0.171844082,0.1721254236,0.001929885054375305,0.168775453,0.175042553,0.17092131224999998,0.173632016,279.0,77.875,1.1212086012698155,0.0027107037500000153,0.794359426,13.060150232000002,76.0,0.6089299780674496,0.13173005777775088,6.792996561460001,39.53,0.32865258247257667,0.07109754033677097
pthreads,10000000,10,10,0.1678603355,0.1716507804,0.013991821377872223,0.159941342,0.210262827,0.16715039075,0.16948061425,311.0,77.375,8.151329895073534,0.002330223500000006,0.794359426,13.462398907099999,80.19999999999999,0.6276848371276575,0.13263943738802123,7.011526213835,41.769999999999996,0.33922528539537067,0.07168350793454321
pthreads,10000000,12,10,0.164264117,0.1634988406,0.009217805844796543,0.15138107,0.181658742,0.156707088,0.16801325749999999,333.5,77.375,5.637841718613718,0.01130616949999999,0.794359426,13.863891474799997,84.39999999999999,0.6464044426529276,0.13366877954975043,7.120028151364999,43.345,0.34447472747146796,0.0712332919895588
pthreads,20000000,1,10,1.6158846900000001,1.6248151268000002,0.025049745191876385,1.610112804,1.693799494,1.6143111650000002,1.62011064925,87.0,154.375,1.5416981771465117,0.0057994842499997645,1.6591894745,43.628886630000004,27.0,0.9739000366350264,0.9484812813577058,42.158431562100006,26.09,0.9739000366350264,0.9484812813577058
pthreads,20000000,2,10,0.871153148,0.874614713,0.01823989996400908,0.859455226,0.917728734,0.860696183,0.8789216907499999,144.0,154.375,2.0854782903713946,0.01822550774999998,1.6591894745,29.619207032,34.0,0.6611708214834459,0.34714603205557515,26.204286691839997,30.08,0.6053440515590776,0.3178343307039612
pthreads,20000000,4,10,0.5121434195,0.5144352061,0.007547056245428676,0.50721198,0.527850722,0.50811409,0.5200283480000001,211.0,154.125,1.467056716946705,0.011914258000000122,1.6591894745,24.582884135999997,48.0,0.5487481714507598,0.1693825625646858,17.807226696014997,34.769999999999996,0.4113639452186812,0.12697605716598104
pthreads,20000000,6,10,0.41354019,0.4137674103,0.00673053022439262,0.40494628,0.425379289,0.407839862,0.41839043,254.0,153.875,1.6266458055535795,0.010550567999999982,1.6591894745,25.63949178,62.0,0.5723341554784356,0.14264987756830286,15.623548378199999,37.78,0.36091889034071445,0.08995625200133718
pthreads,20000000,8,10,0.3561877705,0.35649947709999996,0.004910150418363597,0.351012257,0.363093853,0.3517886455,0.361086144,293.5,154.0,1.3773233156766382,0.009297498500000001,1.6591894745,27.070270558,76.0,0.6042725250299672,0.12972266686400646,14.441633154922501,40.545,0.33361551977879234,0.07161916708157534
pthreads,20000000,10,10,0.34302468350000004,0.3435220492,0.004440160571606179,0.33544716,0.350549689,0.3423629365,0.34588398425,329.0,154.25,1.2925401970401902,0.003521047750000006,1.6591894745,27.5105796167,80.19999999999999,0.6141012656080914,0.12696072118926946,14.760352131005002,43.03,0.34097823255015813,0.07049463132361945
pthreads,20000000,12,10,0.318184669,0.3195317053,0.004717061685025281,0.315800254,0.332025966,0.31707506524999995,0.3198041755,358.5,153.25,1.4762421402272285,0.0027291102500000552,1.6591894745,26.854786063599995,84.39999999999999,0.5994624009768326,0.11495959235773148,14.348537648554998,45.095,0.3314649246616966,0.06356540886951717
pthreads,40000000,1,10,3.3892867355,3.3931642363999996,0.023897602815546946,3.349139798,3.424409139,3.3782617322500004,3.41356256325,87.0,306.875,0.7042866525347228,0.03530083099999981,3.476680827,91.5107418585,27.0,0.9748627798038592,0.9503574394469076,88.426490929195,26.09,0.9748627798038592,0.9503574394469075
pthreads,40000000,2,10,1.802323911,1.8000830085000001,0.011641135326394544,1.778494158,1.811649346,1.79338508275,1.80913117125,145.0,306.875,0.6466999172496518,0.015746088500000033,3.476680827,61.279012974,34.0,0.6528045529763297,0.33841624054232033,54.34006591665,30.15,0.5990750866349301,0.31056269092674205
pthreads,40000000,4,10,1.062067232,1.0633088511,0.009171100730957338,1.050346175,1.082470989,1.058697643,1.066762508,216.0,306.75,0.8625058205308621,0.008064865000000143,3.476680827,50.979227136,48.0,0.5430810642416085,0.16590208631501144,37.299801187839996,35.12,0.41121373798746547,0.125618846882064
pthreads,40000000,6,10,0.854218769,0.8593887004999999,0.01665548213979775,0.84620028,0.904031115,0.85297937,0.8562304585,263.0,306.5,1.9380615698236947,0.003251088499999999,3.476680827,52.961563678000005,62.0,0.5641988704422081,0.13862338493585666,32.81054291729,38.41,0.3617216598681367,0.08887483389719757
pthreads,40000000,8,10,0.7422978280000001,0.7420429544,0.007894814224601249,0.732201186,0.752746928,0.73432047025,0.7477688634999999,310.5,306.3125,1.0639295444809964,0.013448393249999913,3.476680827,56.414634928000005,76.0,0.600984394952991,0.1283147442155177,30.979799851580005,41.735,0.34153853086018193,0.07292107681181285
pthreads,40000000,10,10,0.7199872585,0.7245744462,0.018933662261014252,0.702214945,0.767319728,0.7139457142500001,0.728304686,348.5,306.75,2.6130734198964705,0.014358971749999894,3.476680827,57.74297813169999,80.19999999999999,0.6151352183622786,0.1273886046817883,31.963834341107496,44.394999999999996,0.3523870739585593,0.07297598368533235
pthreads,40000000,12,10,0.6784879580000001,0.6770572506,0.006075745496161262,0.667987287,0.686277269,0.6720483214999999,0.6810633097500001,380.0,306.0,0.8973754421471758,0.009014988250000133,3.476680827,57.2643836552,84.39999999999999,0.6100367574353528,0.11905107614218564,31.617538842800002,46.6,0.34856931992844714,0.06802467579509587
seq,1000000,1,10,0.068923456,0.0707059391,0.004231029716542468,0.066554057,0.081454206,0.06842454049999999,0.07184772824999999,81.5,9.25,5.983980653391064,0.0034231877500000008,0.068923456,1.8609333119999998,27.0,1.0,1.0,1.7716774364799996,25.705,1.0,1.0
seq,5000000,1,10,0.376590769,0.3770821352,0.002955279520400201,0.373590441,0.382620192,0.37467806049999997,0.379223796,85.0,39.875,0.7837230259748994,0.004545735500000037,0.376590769,10.167950763,27.0,1.0,1.0,9.77253045555,25.95,1.0,1.0
seq,10000000,1,10,0.794359426,0.7963247167999999,0.012384410067622214,0.781967075,0.822446925,0.787880642,0.8021932727500001,86.0,78.125,1.5551959905738562,0.01431263075000011,0.794359426,21.447704502,27.0,1.0,1.0,20.669232264519998,26.02,1.0,1.0
seq,20000000,1,10,1.6591894745,1.6645158259,0.0235280022484461,1.641247398,1.713620141,1.648523927,1.670336353,87.0,154.375,1.4135042684694548,0.021812425999999885,1.6591894745,44.7981158115,27.0,1.0,1.0,43.288253389705,26.09,1.0,1.0
seq,40000000,1,10,3.476680827,3.4861582731,0.024359049546318984,3.461637728,3.530452774,3.468994199,3.5028394599999997,87.0,307.0,0.6987361914769911,0.03384526099999974,3.476680827,93.870382329,27.0,1.0,1.0,90.70660277643,26.09,1.0,1.0
