versao,tamanho,p_menor_tempo,p_menor_energia_A,p_menor_energia_B,p_menor_EDP_A,E_A_rel_no_mais_rapido,E_A_rel_minima,mais_rapido_=_mais_economico (A)
omp,1M,12,2,6,12,1.031787766825682,0.7219488298353383,NÃO
omp,5M,12,4,10,4,0.9485367987319392,0.67870069327164,NÃO
omp,10M,12,2,10,12,0.9084542417946448,0.7148230726775611,NÃO
omp,20M,12,4,12,4,0.900174541216932,0.677627757375619,NÃO
omp,40M,12,2,12,12,0.873716550913229,0.7026784567023365,NÃO
pthreads,1M,12,4,12,12,0.6430815879768614,0.6021724092819078,NÃO
pthreads,5M,12,4,10,10,0.6452440047874767,0.5798085377687818,NÃO
pthreads,10M,12,4,8,8,0.6464044426529276,0.5619220592523622,NÃO
pthreads,20M,12,4,12,12,0.5994624009768326,0.5487481714507598,NÃO
pthreads,40M,12,4,8,12,0.6100367574353528,0.5430810642416085,NÃO
