P_base (W),modelo,versao,p_menor_energia,E_min / E_seq,E(12 thr) / E_seq
5,A,omp,2,0.8835148242360259,1.616479140107828
5,A,pthreads,2,0.8208057246981791,1.1286402804920654
5,B,omp,10,0.6007717984688876,0.6138305058272425
5,B,pthreads,8,0.5147092930744173,0.5560743437406176
10,A,omp,2,0.7877779237770139,1.223251887004805
10,A,pthreads,4,0.6828445734214342,0.8540854741679235
10,B,omp,10,0.505107512419708,0.5099386393668034
10,B,pthreads,8,0.4211102629072451,0.4439175989455166
20,A,omp,2,0.7026784567023365,0.873716550913229
20,A,pthreads,4,0.5430810642416085,0.6100367574353528
20,B,omp,12,0.42161661567602005,0.42161661567602005
20,B,pthreads,8,0.34153853086018193,0.34856931992844714
30,A,omp,2,0.6635787015599172,0.7131192343306128
30,A,pthreads,6,0.4781179616999356,0.4979062659636311
30,B,omp,12,0.3822400193561335,0.3822400193561335
30,B,pthreads,12,0.30606020911147164,0.30606020911147164
40,A,omp,12,0.6208612014001739,0.6208612014001739
40,A,pthreads,6,0.42866722689054515,0.4334908772458335
40,B,omp,12,0.3599502515543145,0.3599502515543145
40,B,pthreads,12,0.2819972301308925,0.2819972301308925
